{
    "modes": {
        "1": {
            "octave_name": "oct1",
            "octave_channel": 2
        },
        "2": {
            "octave_name": "oct1",
            "octave_channel": 1
        }
    },
    "lo_modes": {
        "1": {
            "mode_id": 1,
            "lo_freq": 3818180000,
            "gain": 6.0,
            "latest": 7
        },
        "2": {
            "mode_id": 2,
            "lo_freq": 5870000000,
            "gain": 7.0,
            "latest": 8
        }
    },
    "lo_cal": {
        "1": {
            "i0": 0.0034790185696292122,
            "q0": 0.005823926301091169,
            "dc_gain": 0.015645080331675,
            "dc_phase": -0.0035948329287528763,
            "temperature": 58.375,
            "timestamp": 1769261842.2175608,
            "method": "auto"
        },
        "2": {
            "i0": -0.010937378766058423,
            "q0": -0.012290183870460302,
            "dc_gain": -0.008994891827348472,
            "dc_phase": 0.030892598572322842,
            "temperature": 59.625,
            "timestamp": 1769261848.6603456,
            "method": "auto"
        },
        "3": {
            "i0": 0.0034706960012623805,
            "q0": 0.005828279340648904,
            "dc_gain": 0.01566894546420472,
            "dc_phase": -0.0035822154835009248,
            "temperature": 58.3125,
            "timestamp": 1769261984.4941635,
            "method": "auto"
        },
        "4": {
            "i0": -0.010927089641778878,
            "q0": -0.012279405430538463,
            "dc_gain": -0.00893745687774572,
            "dc_phase": 0.030902131493607533,
            "temperature": 59.625,
            "timestamp": 1769261990.6960561,
            "method": "auto"
        },
        "5": {
            "i0": 0.003480173319628245,
            "q0": 0.005839560163416701,
            "dc_gain": 0.015602390551301415,
            "dc_phase": -0.003624557702358088,
            "temperature": 58.3125,
            "timestamp": 1769262013.4803267,
            "method": "auto"
        },
        "6": {
            "i0": -0.010927449712628592,
            "q0": -0.012282340329696412,
            "dc_gain": -0.009003168664369565,
            "dc_phase": 0.03086768628622094,
            "temperature": 59.625,
            "timestamp": 1769262020.295771,
            "method": "auto"
        },
        "7": {
            "i0": 0.0035034469632054914,
            "q0": 0.0058991916736427005,
            "dc_gain": 0.015710768478191417,
            "dc_phase": -0.0033268633673847734,
            "temperature": 58.25,
            "timestamp": 1769287460.657158,
            "method": "auto"
        },
        "8": {
            "i0": -0.01092262966811459,
            "q0": -0.01223209053863894,
            "dc_gain": -0.00896933907125086,
            "dc_phase": 0.03107385656345188,
            "temperature": 59.5625,
            "timestamp": 1769287466.8070538,
            "method": "auto"
        }
    },
    "if_modes": {
        "1": {
            "lo_mode_id": 1,
            "if_freq": 50000000,
            "latest": 7
        },
        "2": {
            "lo_mode_id": 2,
            "if_freq": 60000000,
            "latest": 8
        }
    },
    "if_cal": {
        "1": {
            "gain": 0.01797083126034211,
            "phase": -0.009143078030212049,
            "temperature": 58.375,
            "timestamp": 1769261842.4014592,
            "method": "auto"
        },
        "2": {
            "gain": -0.008522587639549202,
            "phase": 0.016590015388614328,
            "temperature": 59.625,
            "timestamp": 1769261848.7992308,
            "method": "auto"
        },
        "3": {
            "gain": 0.01800226892239585,
            "phase": -0.009187143559992722,
            "temperature": 58.3125,
            "timestamp": 1769261984.6007028,
            "method": "auto"
        },
        "4": {
            "gain": -0.00845523935918057,
            "phase": 0.016441135624235905,
            "temperature": 59.625,
            "timestamp": 1769261990.8402004,
            "method": "auto"
        },
        "5": {
            "gain": 0.017979910844831665,
            "phase": -0.00909637158207874,
            "temperature": 58.3125,
            "timestamp": 1769262013.589654,
            "method": "auto"
        },
        "6": {
            "gain": -0.008474958152648445,
            "phase": 0.0163856782017642,
            "temperature": 59.625,
            "timestamp": 1769262020.4074318,
            "method": "auto"
        },
        "7": {
            "gain": 0.018035925350309408,
            "phase": -0.008882636907482255,
            "temperature": 58.25,
            "timestamp": 1769287460.7581332,
            "method": "auto"
        },
        "8": {
            "gain": -0.008582651837921087,
            "phase": 0.016612819736370233,
            "temperature": 59.5625,
            "timestamp": 1769287466.9532251,
            "method": "auto"
        }
    }
}