{
    "modes": {
        "1": {
            "octave_name": "oct1",
            "octave_channel": 2
        },
        "2": {
            "octave_name": "oct1",
            "octave_channel": 1
        }
    },
    "lo_modes": {
        "1": {
            "mode_id": 1,
            "lo_freq": 3818180000,
            "gain": 6.0,
            "latest": 23
        },
        "2": {
            "mode_id": 2,
            "lo_freq": 5870000000,
            "gain": 7.0,
            "latest": 33
        },
        "3": {
            "mode_id": 1,
            "lo_freq": 3818840000,
            "gain": 6.0,
            "latest": 32
        }
    },
    "lo_cal": {
        "1": {
            "i0": 0.0034790185696292122,
            "q0": 0.005823926301091169,
            "dc_gain": 0.015645080331675,
            "dc_phase": -0.0035948329287528763,
            "temperature": 58.375,
            "timestamp": 1769261842.2175608,
            "method": "auto"
        },
        "2": {
            "i0": -0.010937378766058423,
            "q0": -0.012290183870460302,
            "dc_gain": -0.008994891827348472,
            "dc_phase": 0.030892598572322842,
            "temperature": 59.625,
            "timestamp": 1769261848.6603456,
            "method": "auto"
        },
        "3": {
            "i0": 0.0034706960012623805,
            "q0": 0.005828279340648904,
            "dc_gain": 0.01566894546420472,
            "dc_phase": -0.0035822154835009248,
            "temperature": 58.3125,
            "timestamp": 1769261984.4941635,
            "method": "auto"
        },
        "4": {
            "i0": -0.010927089641778878,
            "q0": -0.012279405430538463,
            "dc_gain": -0.00893745687774572,
            "dc_phase": 0.030902131493607533,
            "temperature": 59.625,
            "timestamp": 1769261990.6960561,
            "method": "auto"
        },
        "5": {
            "i0": 0.003480173319628245,
            "q0": 0.005839560163416701,
            "dc_gain": 0.015602390551301415,
            "dc_phase": -0.003624557702358088,
            "temperature": 58.3125,
            "timestamp": 1769262013.4803267,
            "method": "auto"
        },
        "6": {
            "i0": -0.010927449712628592,
            "q0": -0.012282340329696412,
            "dc_gain": -0.009003168664369565,
            "dc_phase": 0.03086768628622094,
            "temperature": 59.625,
            "timestamp": 1769262020.295771,
            "method": "auto"
        },
        "7": {
            "i0": 0.0035034469632054914,
            "q0": 0.0058991916736427005,
            "dc_gain": 0.015710768478191417,
            "dc_phase": -0.0033268633673847734,
            "temperature": 58.25,
            "timestamp": 1769287460.657158,
            "method": "auto"
        },
        "8": {
            "i0": -0.01092262966811459,
            "q0": -0.01223209053863894,
            "dc_gain": -0.00896933907125086,
            "dc_phase": 0.03107385656345188,
            "temperature": 59.5625,
            "timestamp": 1769287466.8070538,
            "method": "auto"
        },
        "9": {
            "i0": 0.0034899999593295435,
            "q0": 0.005920117406270844,
            "dc_gain": 0.015853707662962346,
            "dc_phase": -0.0036131795693136364,
            "temperature": 58.3125,
            "timestamp": 1769365321.6411908,
            "method": "auto"
        },
        "10": {
            "i0": -0.010918628766477536,
            "q0": -0.012240643962094313,
            "dc_gain": -0.009078441969214035,
            "dc_phase": 0.031116341606169017,
            "temperature": 59.625,
            "timestamp": 1769365328.1157382,
            "method": "auto"
        },
        "11": {
            "i0": 0.0034940218599065582,
            "q0": 0.0059615417899899475,
            "dc_gain": 0.015877893248818387,
            "dc_phase": -0.003724345991702467,
            "temperature": 58.375,
            "timestamp": 1769543113.0247931,
            "method": "auto"
        },
        "12": {
            "i0": -0.01095316743387875,
            "q0": -0.012275875492262169,
            "dc_gain": -0.009113390702269575,
            "dc_phase": 0.03133984319289751,
            "temperature": 59.6875,
            "timestamp": 1769543119.599204,
            "method": "auto"
        },
        "13": {
            "i0": 0.0034902119572534787,
            "q0": 0.005970810467225721,
            "dc_gain": 0.015880321000844466,
            "dc_phase": -0.0037696088131960554,
            "temperature": 58.375,
            "timestamp": 1769546482.9440968,
            "method": "auto"
        },
        "14": {
            "i0": -0.010945946856516025,
            "q0": -0.012269725692380742,
            "dc_gain": -0.009058463854110355,
            "dc_phase": 0.03132572108706126,
            "temperature": 59.625,
            "timestamp": 1769546491.1775525,
            "method": "auto"
        },
        "15": {
            "i0": 0.00348986842030527,
            "q0": 0.005975333753824584,
            "dc_gain": 0.015792311310319107,
            "dc_phase": -0.003756986451243365,
            "temperature": 58.4375,
            "timestamp": 1769547026.6620069,
            "method": "auto"
        },
        "16": {
            "i0": -0.010933394217684096,
            "q0": -0.012264831531549707,
            "dc_gain": -0.009018094194737758,
            "dc_phase": 0.03132970944363093,
            "temperature": 59.6875,
            "timestamp": 1769547035.094681,
            "method": "auto"
        },
        "17": {
            "i0": 0.0035240553685325178,
            "q0": 0.0060247141570819,
            "dc_gain": 0.01596252362774786,
            "dc_phase": -0.003611141572480871,
            "temperature": 58.375,
            "timestamp": 1769617469.6893194,
            "method": "auto"
        },
        "18": {
            "i0": -0.010948247186253663,
            "q0": -0.012267657755520675,
            "dc_gain": -0.009008552510768486,
            "dc_phase": 0.031505519547020334,
            "temperature": 59.6875,
            "timestamp": 1769617478.1381905,
            "method": "auto"
        },
        "19": {
            "i0": 0.0036605491715491012,
            "q0": 0.0063045448552328225,
            "dc_gain": 0.016293184232474278,
            "dc_phase": -0.002876637188720998,
            "temperature": 57.875,
            "timestamp": 1769750035.5657966,
            "method": "auto"
        },
        "20": {
            "i0": -0.01083309160573748,
            "q0": -0.011991720458068584,
            "dc_gain": -0.009586942676174548,
            "dc_phase": 0.03180237902295313,
            "temperature": 59.1875,
            "timestamp": 1769750041.9907913,
            "method": "auto"
        },
        "21": {
            "i0": 0.0036681089965769804,
            "q0": 0.0063247589317897805,
            "dc_gain": 0.015761111086614266,
            "dc_phase": -0.002862555937442508,
            "temperature": 57.8125,
            "timestamp": 1769757255.110636,
            "method": "auto"
        },
        "22": {
            "i0": -0.01083835700694824,
            "q0": -0.011984297397244041,
            "dc_gain": -0.008971758290108545,
            "dc_phase": 0.03210558455399608,
            "temperature": 59.1875,
            "timestamp": 1769757261.4728608,
            "method": "auto"
        },
        "23": {
            "i0": 0.0036673960443763297,
            "q0": 0.00630044162319807,
            "dc_gain": 0.01614075194568243,
            "dc_phase": -0.0028120071448420013,
            "temperature": 57.9375,
            "timestamp": 1769759841.9507146,
            "method": "auto"
        },
        "24": {
            "i0": -0.010845300061105763,
            "q0": -0.012020497656486672,
            "dc_gain": -0.008799457712013625,
            "dc_phase": 0.0319904291737809,
            "temperature": 59.25,